<?xml version="1.0" encoding="UTF-8"?>
<project-private xmlns="http://www.netbeans.org/ns/project-private/1">
    <editor-bookmarks xmlns="http://www.netbeans.org/ns/editor-bookmarks/2" lastBookmarkId="0"/>
    <open-files xmlns="http://www.netbeans.org/ns/projectui-open-files/2">
        <group>
            <file>file:/home/carlos/NetBeansProjects/ColegioApp/src/ar/org/centro8/curso/java/doc/der.png</file>
            <file>file:/home/carlos/NetBeansProjects/ColegioApp/src/ar/org/centro8/curso/java/test/TestConnector.java</file>
            <file>file:/home/carlos/NetBeansProjects/ColegioApp/src/ar/org/centro8/curso/java/sql/base.sql</file>
            <file>file:/home/carlos/NetBeansProjects/ColegioApp/src/ar/org/centro8/curso/java/gui/FormCursos.java</file>
            <file>file:/home/carlos/NetBeansProjects/ColegioApp/src/ar/org/centro8/curso/java/repositories/interfaces/I_CursoRepository.java</file>
            <file>file:/home/carlos/NetBeansProjects/ColegioApp/src/ar/org/centro8/curso/java/repositories/jdbc/CursoRepository.java</file>
            <file>file:/home/carlos/NetBeansProjects/ColegioApp/src/ar/org/centro8/curso/java/gui/FormAlumnos.java</file>
            <file>file:/home/carlos/NetBeansProjects/ColegioApp/src/ar/org/centro8/curso/java/connectors/Connector.java</file>
            <file>file:/home/carlos/NetBeansProjects/ColegioApp/src/ar/org/centro8/curso/java/gui/ColegioApp.java</file>
            <file>file:/home/carlos/NetBeansProjects/ColegioApp/src/ar/org/centro8/curso/java/repositories/interfaces/I_AlumnoRepository.java</file>
            <file>file:/home/carlos/NetBeansProjects/ColegioApp/src/ar/org/centro8/curso/java/entities/Curso.java</file>
            <file>file:/home/carlos/NetBeansProjects/ColegioApp/src/ar/org/centro8/curso/java/entities/Alumno.java</file>
            <file>file:/home/carlos/NetBeansProjects/ColegioApp/src/ar/org/centro8/curso/java/repositories/jdbc/AlumnoRepository.java</file>
        </group>
    </open-files>
</project-private>
